symbol,cik,acceptanceTime,periodOfReport,companyName,formType,filingDate,employeeCount,source,company,ticker
AMZN,0001018724,2025-02-06 18:40:29,2024-12-31,"Amazon.com, Inc.",10-K,2025-02-07,1556000,https://www.sec.gov/Archives/edgar/data/1018724/000101872425000004/0001018724-25-000004-index.htm,amazon,AMZN
AMZN,0001018724,2024-02-01 18:48:30,2023-12-31,"Amazon.com, Inc.",10-K,2024-02-02,1525000,https://www.sec.gov/Archives/edgar/data/1018724/000101872424000008/0001018724-24-000008-index.htm,amazon,AMZN
AMZN,0001018724,2023-02-02 18:27:34,2022-12-31,"Amazon.com, Inc.",10-K,2023-02-03,1541000,https://www.sec.gov/Archives/edgar/data/1018724/000101872423000004/0001018724-23-000004-index.htm,amazon,AMZN
AMZN,0001018724,2022-02-03 18:46:51,2021-12-31,"Amazon.com, Inc.",10-K,2022-02-04,1608000,https://www.sec.gov/Archives/edgar/data/1018724/000101872422000005/0001018724-22-000005-index.htm,amazon,AMZN
AMZN,0001018724,2021-02-02 19:44:10,2020-12-31,"Amazon.com, Inc.",10-K,2021-02-03,1298000,https://www.sec.gov/Archives/edgar/data/1018724/000101872421000004/0001018724-21-000004-index.htm,amazon,AMZN
AMZN,0001018724,2020-01-30 20:46:13,2019-12-31,"Amazon.com, Inc.",10-K,2020-01-31,798000,https://www.sec.gov/Archives/edgar/data/1018724/000101872420000004/0001018724-20-000004-index.htm,amazon,AMZN
AMZN,0001018724,2019-01-31 20:22:40,2018-12-31,"Amazon.com, Inc.",10-K,2019-02-01,647500,https://www.sec.gov/Archives/edgar/data/1018724/000101872419000004/0001018724-19-000004-index.htm,amazon,AMZN
AMZN,0001018724,2018-02-01 20:41:15,2017-12-31,"Amazon.com, Inc.",10-K,2018-02-02,566000,https://www.sec.gov/Archives/edgar/data/1018724/000101872418000005/0001018724-18-000005-index.htm,amazon,AMZN
AMZN,0001018724,2017-02-09 17:56:36,2016-12-31,"Amazon.com, Inc.",10-K,2017-02-10,341400,https://www.sec.gov/Archives/edgar/data/1018724/000101872417000011/0001018724-17-000011-index.htm,amazon,AMZN
AMZN,0001018724,2016-01-28 19:38:11,2015-12-31,"Amazon.com, Inc.",10-K,2016-01-29,230800,https://www.sec.gov/Archives/edgar/data/1018724/000101872416000172/0001018724-16-000172-index.htm,amazon,AMZN
AMZN,0001018724,2015-01-29 19:38:08,2014-12-31,"Amazon.com, Inc.",10-K,2015-01-30,154100,https://www.sec.gov/Archives/edgar/data/1018724/000101872415000006/0001018724-15-000006-index.htm,amazon,AMZN
AMZN,0001018724,2014-01-30 21:52:38,2013-12-31,"Amazon.com, Inc.",10-K,2014-01-31,117300,https://www.sec.gov/Archives/edgar/data/1018724/000101872414000006/0001018724-14-000006-index.htm,amazon,AMZN
AMZN,0001018724,2013-01-29 19:13:32,2012-12-31,"Amazon.com, Inc.",10-K,2013-01-30,88400,https://www.sec.gov/Archives/edgar/data/1018724/000119312513028520/0001193125-13-028520-index.htm,amazon,AMZN
AMZN,0001018724,2012-01-31 21:58:32,2011-12-31,"Amazon.com, Inc.",10-K,2012-02-01,56200,https://www.sec.gov/Archives/edgar/data/1018724/000119312512032846/0001193125-12-032846-index.htm,amazon,AMZN
AMZN,0001018724,2011-01-27 20:08:28,2010-12-31,"Amazon.com, Inc.",10-K,2011-01-28,33700,https://www.sec.gov/Archives/edgar/data/1018724/000119312511016253/0001193125-11-016253-index.htm,amazon,AMZN
AMZN,0001018724,2010-01-28 21:42:22,2009-12-31,"Amazon.com, Inc.",10-K,2010-01-29,24300,https://www.sec.gov/Archives/edgar/data/1018724/000119312510016098/0001193125-10-016098-index.htm,amazon,AMZN
AMZN,0001018724,2009-01-29 18:48:15,2008-12-31,"Amazon.com, Inc.",10-K,2009-01-30,20700,https://www.sec.gov/Archives/edgar/data/1018724/000119312509014406/0001193125-09-014406-index.htm,amazon,AMZN
AMZN,0001018724,2008-02-08 21:43:32,2007-12-31,"Amazon.com, Inc.",10-K,2008-02-11,17000,https://www.sec.gov/Archives/edgar/data/1018724/000119312508024707/0001193125-08-024707-index.htm,amazon,AMZN
AMZN,0001018724,2007-02-16 16:14:12,2006-12-31,"Amazon.com, Inc.",10-K,2007-02-16,13900,https://www.sec.gov/Archives/edgar/data/1018724/000119312507034081/0001193125-07-034081-index.htm,amazon,AMZN
AMZN,0001018724,2006-02-17 08:52:50,2005-12-31,"Amazon.com, Inc.",10-K,2006-02-17,12000,https://www.sec.gov/Archives/edgar/data/1018724/000119312506034166/0001193125-06-034166-index.htm,amazon,AMZN
AMZN,0001018724,2005-03-11 06:20:27,2004-12-31,"Amazon.com, Inc.",10-K,2005-03-11,9000,https://www.sec.gov/Archives/edgar/data/1018724/000119312505047032/0001193125-05-047032-index.htm,amazon,AMZN
AMZN,0001018724,2004-02-25 17:25:47,2003-12-31,"Amazon.com, Inc.",10-K,2004-02-25,7800,https://www.sec.gov/Archives/edgar/data/1018724/000119312504029488/0001193125-04-029488-index.htm,amazon,AMZN
AMZN,0001018724,2003-02-19 08:03:25,2002-12-31,"Amazon.com, Inc.",10-K,2003-02-19,7500,https://www.sec.gov/Archives/edgar/data/1018724/000095014903000355/0000950149-03-000355-index.htm,amazon,AMZN
AMZN,0001018724,2002-01-24 00:00:00,2001-12-31,"Amazon.com, Inc.",10-K405,2002-01-24,7800,https://www.sec.gov/Archives/edgar/data/1018724/000103221002000059/0001032210-02-000059-index.htm,amazon,AMZN
AMZN,0001018724,2001-03-23 00:00:00,2000-12-31,"Amazon.com, Inc.",10-K405,2001-03-23,9000,https://www.sec.gov/Archives/edgar/data/1018724/000103221001500087/0001032210-01-500087-index.htm,amazon,AMZN
AMZN,0001018724,2000-03-29 00:00:00,1999-12-31,"Amazon.com, Inc.",10-K,2000-03-29,7600,https://www.sec.gov/Archives/edgar/data/1018724/000089102000000622/0000891020-00-000622-index.html,amazon,AMZN
AMZN,0001018724,1999-03-05 00:00:00,1998-12-31,"Amazon.com, Inc.",10-K,1999-03-05,2100,https://www.sec.gov/Archives/edgar/data/1018724/000089102099000375/0000891020-99-000375-index.html,amazon,AMZN
AMZN,0001018724,1998-03-30 00:00:00,1997-12-31,"Amazon.com, Inc.",10-K405,1998-03-30,614,https://www.sec.gov/Archives/edgar/data/1018724/000089102098000448/0000891020-98-000448-index.html,amazon,AMZN
GOOGL,0001652044,2025-02-04 20:41:40,2024-12-31,Alphabet Inc.,10-K,2025-02-05,183323,https://www.sec.gov/Archives/edgar/data/1652044/000165204425000014/0001652044-25-000014-index.htm,google,GOOGL
GOOGL,0001652044,2024-01-30 21:43:43,2023-12-31,Alphabet Inc.,10-K,2024-01-31,182502,https://www.sec.gov/Archives/edgar/data/1652044/000165204424000022/0001652044-24-000022-index.htm,google,GOOGL
GOOGL,0001652044,2023-02-02 21:23:45,2022-12-31,Alphabet Inc.,10-K,2023-02-03,190234,https://www.sec.gov/Archives/edgar/data/1652044/000165204423000016/0001652044-23-000016-index.htm,google,GOOGL
GOOGL,0001652044,2022-02-01 21:08:02,2021-12-31,Alphabet Inc.,10-K,2022-02-02,156500,https://www.sec.gov/Archives/edgar/data/1652044/000165204422000019/0001652044-22-000019-index.htm,google,GOOGL
GOOGL,0001652044,2021-02-02 20:12:25,2020-12-31,Alphabet Inc.,10-K,2021-02-03,135301,https://www.sec.gov/Archives/edgar/data/1652044/000165204421000010/0001652044-21-000010-index.htm,google,GOOGL
GOOGL,0001652044,2020-02-03 21:03:59,2019-12-31,Alphabet Inc.,10-K,2020-02-04,118899,https://www.sec.gov/Archives/edgar/data/1652044/000165204420000008/0001652044-20-000008-index.htm,google,GOOGL
GOOGL,0001652044,2019-02-04 21:06:38,2018-12-31,Alphabet Inc.,10-K,2019-02-05,98771,https://www.sec.gov/Archives/edgar/data/1652044/000165204419000004/0001652044-19-000004-index.htm,google,GOOGL
GOOGL,0001652044,2018-02-05 20:46:29,2017-12-31,Alphabet Inc.,10-K,2018-02-06,80110,https://www.sec.gov/Archives/edgar/data/1652044/000165204418000007/0001652044-18-000007-index.htm,google,GOOGL
GOOGL,0001652044,2017-02-02 18:13:47,2016-12-31,Alphabet Inc.,10-K,2017-02-03,72053,https://www.sec.gov/Archives/edgar/data/1652044/000165204417000008/0001652044-17-000008-index.htm,google,GOOGL
GOOGL,0001652044,2016-02-11 16:38:35,2015-12-31,Alphabet Inc.,10-K,2016-02-11,61814,https://www.sec.gov/Archives/edgar/data/1652044/000165204416000012/0001652044-16-000012-index.htm,google,GOOGL
MSFT,0000789019,2025-07-30 16:11:40,2025-06-30,Microsoft Corporation,10-K,2025-07-30,228000,https://www.sec.gov/Archives/edgar/data/789019/000095017025100235/0000950170-25-100235-index.htm,microsoft,MSFT
MSFT,0000789019,2024-07-30 16:06:22,2024-06-30,Microsoft Corporation,10-K,2024-07-30,228000,https://www.sec.gov/Archives/edgar/data/789019/000095017024087843/0000950170-24-087843-index.htm,microsoft,MSFT
MSFT,0000789019,2023-07-27 16:01:56,2023-06-30,Microsoft Corporation,10-K,2023-07-27,221000,https://www.sec.gov/Archives/edgar/data/789019/000095017023035122/0000950170-23-035122-index.htm,microsoft,MSFT
MSFT,0000789019,2022-07-28 16:06:19,2022-06-30,Microsoft Corporation,10-K,2022-07-28,221000,https://www.sec.gov/Archives/edgar/data/789019/000156459022026876/0001564590-22-026876-index.htm,microsoft,MSFT
MSFT,0000789019,2021-07-29 16:21:55,2021-06-30,Microsoft Corporation,10-K,2021-07-29,181000,https://www.sec.gov/Archives/edgar/data/789019/000156459021039151/0001564590-21-039151-index.htm,microsoft,MSFT
MSFT,0000789019,2020-07-30 20:44:46,2020-06-30,Microsoft Corporation,10-K,2020-07-30,163000,https://www.sec.gov/Archives/edgar/data/789019/000156459020034944/0001564590-20-034944-index.htm,microsoft,MSFT
MSFT,0000789019,2019-08-01 16:09:55,2019-06-30,Microsoft Corporation,10-K,2019-08-01,144000,https://www.sec.gov/Archives/edgar/data/789019/000156459019027952/0001564590-19-027952-index.htm,microsoft,MSFT
MSFT,0000789019,2018-08-03 11:03:33,2018-06-30,Microsoft Corporation,10-K,2018-08-03,131000,https://www.sec.gov/Archives/edgar/data/789019/000156459018019062/0001564590-18-019062-index.htm,microsoft,MSFT
MSFT,0000789019,2017-08-02 16:15:01,2017-06-30,Microsoft Corporation,10-K,2017-08-02,124000,https://www.sec.gov/Archives/edgar/data/789019/000156459017014900/0001564590-17-014900-index.htm,microsoft,MSFT
MSFT,0000789019,2016-07-28 16:12:18,2016-06-30,Microsoft Corporation,10-K,2016-07-28,114000,https://www.sec.gov/Archives/edgar/data/789019/000119312516662209/0001193125-16-662209-index.htm,microsoft,MSFT
MSFT,0000789019,2015-07-31 15:07:52,2015-06-30,Microsoft Corporation,10-K,2015-07-31,118000,https://www.sec.gov/Archives/edgar/data/789019/000119312515272806/0001193125-15-272806-index.htm,microsoft,MSFT
MSFT,0000789019,2014-07-31 17:16:52,2014-06-30,Microsoft Corporation,10-K,2014-07-31,128000,https://www.sec.gov/Archives/edgar/data/789019/000119312514289961/0001193125-14-289961-index.htm,microsoft,MSFT
MSFT,0000789019,2013-07-30 16:14:49,2013-06-30,Microsoft Corporation,10-K,2013-07-30,99000,https://www.sec.gov/Archives/edgar/data/789019/000119312513310206/0001193125-13-310206-index.htm,microsoft,MSFT
MSFT,0000789019,2012-07-26 16:12:48,2012-06-30,Microsoft Corporation,10-K,2012-07-26,94000,https://www.sec.gov/Archives/edgar/data/789019/000119312512316848/0001193125-12-316848-index.htm,microsoft,MSFT
MSFT,0000789019,2011-07-28 14:59:09,2011-06-30,Microsoft Corporation,10-K,2011-07-28,90000,https://www.sec.gov/Archives/edgar/data/789019/000119312511200680/0001193125-11-200680-index.htm,microsoft,MSFT
MSFT,0000789019,2010-07-30 11:30:38,2010-06-30,Microsoft Corporation,10-K,2010-07-30,89000,https://www.sec.gov/Archives/edgar/data/789019/000119312510171791/0001193125-10-171791-index.htm,microsoft,MSFT
MSFT,0000789019,2009-07-30 06:05:07,2009-06-30,Microsoft Corporation,10-K,2009-07-30,93000,https://www.sec.gov/Archives/edgar/data/789019/000119312509158735/0001193125-09-158735-index.htm,microsoft,MSFT
MSFT,0000789019,2008-07-31 17:23:18,2008-06-30,Microsoft Corporation,10-K,2008-07-31,91000,https://www.sec.gov/Archives/edgar/data/789019/000119312508162768/0001193125-08-162768-index.htm,microsoft,MSFT
MSFT,0000789019,2007-08-03 17:13:48,2007-06-30,Microsoft Corporation,10-K,2007-08-03,79000,https://www.sec.gov/Archives/edgar/data/789019/000119312507170817/0001193125-07-170817-index.htm,microsoft,MSFT
MSFT,0000789019,2006-08-25 17:13:53,2006-06-30,Microsoft Corporation,10-K,2006-08-25,71000,https://www.sec.gov/Archives/edgar/data/789019/000119312506180008/0001193125-06-180008-index.htm,microsoft,MSFT
MSFT,0000789019,2005-08-25 19:59:54,2005-06-30,Microsoft Corporation,10-K,2005-08-26,61000,https://www.sec.gov/Archives/edgar/data/789019/000119312505174825/0001193125-05-174825-index.htm,microsoft,MSFT
MSFT,0000789019,2004-09-01 17:03:00,2004-06-30,Microsoft Corporation,10-K,2004-09-01,57000,https://www.sec.gov/Archives/edgar/data/789019/000119312504150689/0001193125-04-150689-index.htm,microsoft,MSFT
MSFT,0000789019,2003-09-04 19:42:47,2003-06-30,Microsoft Corporation,10-K,2003-09-05,55000,https://www.sec.gov/Archives/edgar/data/789019/000119312503045632/0001193125-03-045632-index.htm,microsoft,MSFT
MSFT,0000789019,2002-09-05 20:20:11,2002-06-30,Microsoft Corporation,10-K,2002-09-06,50500,https://www.sec.gov/Archives/edgar/data/789019/000103221002001351/0001032210-02-001351-index.htm,microsoft,MSFT
MSFT,0000789019,2001-09-18 00:00:00,2001-06-30,Microsoft Corporation,10-K,2001-09-18,47600,https://www.sec.gov/Archives/edgar/data/789019/000103221001501099/0001032210-01-501099-index.htm,microsoft,MSFT
MSFT,0000789019,2000-09-28 00:00:00,2000-06-30,Microsoft Corporation,10-K,2000-09-28,39100,https://www.sec.gov/Archives/edgar/data/789019/000103221000001961/0001032210-00-001961-index.htm,microsoft,MSFT
MSFT,0000789019,1999-09-28 00:00:00,1999-06-30,Microsoft Corporation,10-K,1999-09-28,31396,https://www.sec.gov/Archives/edgar/data/789019/000103221099001375/0001032210-99-001375-index.html,microsoft,MSFT
MSFT,0000789019,1998-09-25 00:00:00,1998-06-30,Microsoft Corporation,10-K,1998-09-25,27055,https://www.sec.gov/Archives/edgar/data/789019/000103221098001067/0001032210-98-001067-index.html,microsoft,MSFT
MSFT,0000789019,1997-09-29 00:00:00,1997-06-30,Microsoft Corporation,10-K,1997-09-29,22232,https://www.sec.gov/Archives/edgar/data/789019/000101706297001764/0001017062-97-001764-index.html,microsoft,MSFT
MSFT,0000789019,1996-09-27 00:00:00,1996-06-30,Microsoft Corporation,10-K,1996-09-27,20561,https://www.sec.gov/Archives/edgar/data/789019/000089102096001130/0000891020-96-001130-index.html,microsoft,MSFT
MSFT,0000789019,1995-09-25 00:00:00,1995-06-30,Microsoft Corporation,10-K,1995-09-25,17801,https://www.sec.gov/Archives/edgar/data/789019/000089102095000433/0000891020-95-000433-index.html,microsoft,MSFT
MSFT,0000789019,1994-09-27 00:00:00,1994-06-30,Microsoft Corporation,10-K,1994-09-27,15257,https://www.sec.gov/Archives/edgar/data/789019/000089102094000175/0000891020-94-000175-index.html,microsoft,MSFT
RIVN,0001874178,2025-02-24 17:08:34,2024-12-31,"Rivian Automotive, Inc.",10-K,2025-02-24,14861,https://www.sec.gov/Archives/edgar/data/1874178/000187417825000007/0001874178-25-000007-index.htm,rivian,RIVN
RIVN,0001874178,2024-02-26 17:14:54,2023-12-31,"Rivian Automotive, Inc.",10-K,2024-02-26,16790,https://www.sec.gov/Archives/edgar/data/1874178/000187417824000014/0001874178-24-000014-index.htm,rivian,RIVN
RIVN,0001874178,2023-02-28 17:15:26,2022-12-31,"Rivian Automotive, Inc.",10-K,2023-02-28,14122,https://www.sec.gov/Archives/edgar/data/1874178/000187417823000009/0001874178-23-000009-index.htm,rivian,RIVN
RIVN,0001874178,2022-03-31 08:22:02,2021-12-31,"Rivian Automotive, Inc.",10-K,2022-03-31,10422,https://www.sec.gov/Archives/edgar/data/1874178/000187417822000008/0001874178-22-000008-index.htm,rivian,RIVN
INTC,0000050863,2025-01-31 17:13:51,2024-12-28,Intel Corporation,10-K,2025-01-31,108900,https://www.sec.gov/Archives/edgar/data/50863/000005086325000009/0000050863-25-000009-index.htm,intel,INTC
INTC,0000050863,2024-01-25 18:38:16,2023-12-30,Intel Corporation,10-K,2024-01-26,124800,https://www.sec.gov/Archives/edgar/data/50863/000005086324000010/0000050863-24-000010-index.htm,intel,INTC
INTC,0000050863,2023-01-26 18:31:20,2022-12-31,Intel Corporation,10-K,2023-01-27,131900,https://www.sec.gov/Archives/edgar/data/50863/000005086323000006/0000050863-23-000006-index.htm,intel,INTC
INTC,0000050863,2022-01-26 18:34:53,2021-12-25,Intel Corporation,10-K,2022-01-27,121100,https://www.sec.gov/Archives/edgar/data/50863/000005086322000007/0000050863-22-000007-index.htm,intel,INTC
INTC,0000050863,2021-01-21 19:06:04,2020-12-26,Intel Corporation,10-K,2021-01-22,110600,https://www.sec.gov/Archives/edgar/data/50863/000005086321000010/0000050863-21-000010-index.htm,intel,INTC
INTC,0000050863,2020-01-23 18:39:55,2019-12-28,Intel Corporation,10-K,2020-01-24,110800,https://www.sec.gov/Archives/edgar/data/50863/000005086320000011/0000050863-20-000011-index.htm,intel,INTC
INTC,0000050863,2019-02-01 09:00:50,2018-12-29,Intel Corporation,10-K,2019-02-01,107400,https://www.sec.gov/Archives/edgar/data/50863/000005086319000007/0000050863-19-000007-index.htm,intel,INTC
INTC,0000050863,2018-02-16 08:31:45,2017-12-30,Intel Corporation,10-K,2018-02-16,102700,https://www.sec.gov/Archives/edgar/data/50863/000005086318000007/0000050863-18-000007-index.htm,intel,INTC
INTC,0000050863,2017-02-17 08:37:46,2016-12-31,Intel Corporation,10-K,2017-02-17,106000,https://www.sec.gov/Archives/edgar/data/50863/000005086317000012/0000050863-17-000012-index.htm,intel,INTC
INTC,0000050863,2016-02-12 08:09:19,2015-12-26,Intel Corporation,10-K,2016-02-12,107300,https://www.sec.gov/Archives/edgar/data/50863/000005086316000105/0000050863-16-000105-index.htm,intel,INTC
INTC,0000050863,2015-02-13 09:11:52,2014-12-27,Intel Corporation,10-K,2015-02-13,106700,https://www.sec.gov/Archives/edgar/data/50863/000005086315000015/0000050863-15-000015-index.htm,intel,INTC
INTC,0000050863,2014-02-14 09:08:47,2013-12-28,Intel Corporation,10-K,2014-02-14,107600,https://www.sec.gov/Archives/edgar/data/50863/000005086314000020/0000050863-14-000020-index.htm,intel,INTC
INTC,0000050863,2013-02-19 17:06:31,2012-12-29,Intel Corporation,10-K,2013-02-19,105000,https://www.sec.gov/Archives/edgar/data/50863/000119312513065416/0001193125-13-065416-index.htm,intel,INTC
INTC,0000050863,2012-02-23 17:05:25,2011-12-31,Intel Corporation,10-K,2012-02-23,100100,https://www.sec.gov/Archives/edgar/data/50863/000119312512075534/0001193125-12-075534-index.htm,intel,INTC
INTC,0000050863,2011-02-18 17:20:31,2010-12-25,Intel Corporation,10-K,2011-02-18,82500,https://www.sec.gov/Archives/edgar/data/50863/000095012311015783/0000950123-11-015783-index.htm,intel,INTC
INTC,0000050863,2010-02-22 17:14:00,2009-12-26,Intel Corporation,10-K,2010-02-22,79800,https://www.sec.gov/Archives/edgar/data/50863/000095012310015237/0000950123-10-015237-index.htm,intel,INTC
INTC,0000050863,2009-02-20 17:44:51,2008-12-27,Intel Corporation,10-K,2009-02-23,83900,https://www.sec.gov/Archives/edgar/data/50863/000089161809000047/0000891618-09-000047-index.htm,intel,INTC
INTC,0000050863,2008-02-19 19:50:19,2007-12-29,Intel Corporation,10-K,2008-02-20,86300,https://www.sec.gov/Archives/edgar/data/50863/000089161808000106/0000891618-08-000106-index.htm,intel,INTC
INTC,0000050863,2007-02-23 17:40:01,2006-12-30,Intel Corporation,10-K,2007-02-26,94100,https://www.sec.gov/Archives/edgar/data/50863/000089161807000111/0000891618-07-000111-index.htm,intel,INTC
INTC,0000050863,2006-02-24 17:40:44,2005-12-31,Intel Corporation,10-K,2006-02-27,99900,https://www.sec.gov/Archives/edgar/data/50863/000089161806000089/0000891618-06-000089-index.htm,intel,INTC
INTC,0000050863,2005-02-18 17:51:02,2004-12-25,Intel Corporation,10-K,2005-02-22,85000,https://www.sec.gov/Archives/edgar/data/50863/000119312505033162/0001193125-05-033162-index.htm,intel,INTC
INTC,0000050863,2004-02-20 17:50:23,2003-12-27,Intel Corporation,10-K,2004-02-23,79700,https://www.sec.gov/Archives/edgar/data/50863/000119312504027430/0001193125-04-027430-index.htm,intel,INTC
INTC,0000050863,2003-03-10 19:12:43,2002-12-28,Intel Corporation,10-K,2003-03-11,78700,https://www.sec.gov/Archives/edgar/data/50863/000104746903008257/0001047469-03-008257-index.htm,intel,INTC
INTC,0000050863,2002-03-13 00:00:00,2001-12-29,Intel Corporation,10-K,2002-03-13,83400,https://www.sec.gov/Archives/edgar/data/50863/000091205702009698/0000912057-02-009698-index.htm,intel,INTC
INTC,0000050863,2001-03-13 00:00:00,2000-12-30,Intel Corporation,10-K,2001-03-13,86100,https://www.sec.gov/Archives/edgar/data/50863/000091205701503434/0000912057-01-503434-index.htm,intel,INTC
INTC,0000050863,2000-03-23 00:00:00,1999-12-25,Intel Corporation,10-K,2000-03-23,70200,https://www.sec.gov/Archives/edgar/data/50863/000101287000001562/0001012870-00-001562-index.htm,intel,INTC
INTC,0000050863,2000-03-23 00:00:00,1999-12-25,Intel Corporation,10-K,2000-03-23,70200,https://www.sec.gov/Archives/edgar/data/50863/000101287000001562/0001012870-00-001562-index.html,intel,INTC
INTC,0000050863,1999-03-26 00:00:00,1998-12-26,Intel Corporation,10-K,1999-03-26,64500,https://www.sec.gov/Archives/edgar/data/50863/000104746999011450/0001047469-99-011450-index.htm,intel,INTC
INTC,0000050863,1999-03-26 00:00:00,1998-12-26,Intel Corporation,10-K,1999-03-26,64500,https://www.sec.gov/Archives/edgar/data/50863/000104746999011450/0001047469-99-011450-index.html,intel,INTC
INTC,0000050863,1998-03-27 00:00:00,1997-12-27,Intel Corporation,10-K,1998-03-27,63700,https://www.sec.gov/Archives/edgar/data/50863/000005086398000031/0000050863-98-000031-index.html,intel,INTC
INTC,0000050863,1998-03-27 00:00:00,1997-12-27,Intel Corporation,10-K,1998-03-27,63700,https://www.sec.gov/Archives/edgar/data/50863/000005086398000031/0000050863-98-000031-index.htm,intel,INTC
INTC,0000050863,1997-03-28 00:00:00,1996-12-28,Intel Corporation,10-K,1997-03-28,48500,https://www.sec.gov/Archives/edgar/data/50863/000005086397000020/0000050863-97-000020-index.htm,intel,INTC
INTC,0000050863,1997-03-28 00:00:00,1996-12-28,Intel Corporation,10-K,1997-03-28,48500,https://www.sec.gov/Archives/edgar/data/50863/000005086397000020/0000050863-97-000020-index.html,intel,INTC
INTC,0000050863,1996-03-29 00:00:00,1995-12-30,Intel Corporation,10-K,1996-03-29,41600,https://www.sec.gov/Archives/edgar/data/50863/000005086396000002/0000050863-96-000002-index.htm,intel,INTC
INTC,0000050863,1996-03-29 00:00:00,1995-12-30,Intel Corporation,10-K,1996-03-29,41600,https://www.sec.gov/Archives/edgar/data/50863/000005086396000002/0000050863-96-000002-index.html,intel,INTC
INTC,0000050863,1995-03-28 00:00:00,1994-12-31,Intel Corporation,10-K,1995-03-28,32600,https://www.sec.gov/Archives/edgar/data/50863/000005086395000004/0000050863-95-000004-index.htm,intel,INTC
INTC,0000050863,1995-03-28 00:00:00,1994-12-31,Intel Corporation,10-K,1995-03-28,32600,https://www.sec.gov/Archives/edgar/data/50863/000005086395000004/0000050863-95-000004-index.html,intel,INTC
INTC,0000050863,1994-03-25 00:00:00,1993-12-25,Intel Corporation,10-K,1994-03-25,29500,https://www.sec.gov/Archives/edgar/data/50863/000089161894000087/0000891618-94-000087-index.html,intel,INTC
INTC,0000050863,1994-03-25 00:00:00,1993-12-25,Intel Corporation,10-K,1994-03-25,29500,https://www.sec.gov/Archives/edgar/data/50863/000089161894000087/0000891618-94-000087-index.htm,intel,INTC
UBER,0001543151,2025-02-14 16:06:34,2024-12-31,"Uber Technologies, Inc.",10-K,2025-02-14,31100,https://www.sec.gov/Archives/edgar/data/1543151/000154315125000008/0001543151-25-000008-index.htm,uber,UBER
UBER,0001543151,2024-02-15 16:30:29,2023-12-31,"Uber Technologies, Inc.",10-K,2024-02-15,30400,https://www.sec.gov/Archives/edgar/data/1543151/000154315124000012/0001543151-24-000012-index.htm,uber,UBER
UBER,0001543151,2023-02-21 16:10:08,2022-12-31,"Uber Technologies, Inc.",10-K,2023-02-21,32800,https://www.sec.gov/Archives/edgar/data/1543151/000154315123000010/0001543151-23-000010-index.htm,uber,UBER
UBER,0001543151,2022-02-24 16:33:34,2021-12-31,"Uber Technologies, Inc.",10-K,2022-02-24,29300,https://www.sec.gov/Archives/edgar/data/1543151/000154315122000008/0001543151-22-000008-index.htm,uber,UBER
UBER,0001543151,2021-03-01 08:06:48,2020-12-31,"Uber Technologies, Inc.",10-K,2021-03-01,22800,https://www.sec.gov/Archives/edgar/data/1543151/000154315121000014/0001543151-21-000014-index.htm,uber,UBER
UBER,0001543151,2020-03-02 16:12:35,2019-12-31,"Uber Technologies, Inc.",10-K,2020-03-02,26900,https://www.sec.gov/Archives/edgar/data/1543151/000154315120000010/0001543151-20-000010-index.htm,uber,UBER
TWTR,0001418091,2022-02-16 16:28:53,2021-12-31,"Twitter, Inc. (delisted)",10-K,2022-02-16,7500,https://www.sec.gov/Archives/edgar/data/1418091/000141809122000029/0001418091-22-000029-index.htm,twitter,TWTR
TWTR,0001418091,2021-02-17 16:52:20,2020-12-31,"Twitter, Inc. (delisted)",10-K,2021-02-17,5500,https://www.sec.gov/Archives/edgar/data/1418091/000141809121000031/0001418091-21-000031-index.htm,twitter,TWTR
TWTR,0001418091,2020-02-18 17:53:51,2019-12-31,"Twitter, Inc. (delisted)",10-K,2020-02-19,4900,https://www.sec.gov/Archives/edgar/data/1418091/000141809120000037/0001418091-20-000037-index.htm,twitter,TWTR
TWTR,0001418091,2019-02-20 20:45:48,2018-12-31,"Twitter, Inc. (delisted)",10-K,2019-02-21,3920,https://www.sec.gov/Archives/edgar/data/1418091/000156459019003523/0001564590-19-003523-index.htm,twitter,TWTR
TWTR,0001418091,2018-02-23 16:51:18,2017-12-31,"Twitter, Inc. (delisted)",10-K,2018-02-23,3372,https://www.sec.gov/Archives/edgar/data/1418091/000156459018003046/0001564590-18-003046-index.htm,twitter,TWTR
TWTR,0001418091,2017-02-27 16:56:45,2016-12-31,"Twitter, Inc. (delisted)",10-K,2017-02-27,3583,https://www.sec.gov/Archives/edgar/data/1418091/000156459017002584/0001564590-17-002584-index.htm,twitter,TWTR
TWTR,0001418091,2016-02-29 07:01:57,2015-12-31,"Twitter, Inc. (delisted)",10-K,2016-02-29,3898,https://www.sec.gov/Archives/edgar/data/1418091/000156459016013646/0001564590-16-013646-index.htm,twitter,TWTR
TWTR,0001418091,2015-03-02 09:35:45,2014-12-31,"Twitter, Inc. (delisted)",10-K,2015-03-02,3638,https://www.sec.gov/Archives/edgar/data/1418091/000156459015001159/0001564590-15-001159-index.htm,twitter,TWTR
TWTR,0001418091,2014-03-06 16:51:06,2013-12-31,"Twitter, Inc. (delisted)",10-K,2014-03-06,2712,https://www.sec.gov/Archives/edgar/data/1418091/000095012314003031/0000950123-14-003031-index.htm,twitter,TWTR
NFLX,0001065280,2025-01-27 16:01:56,2024-12-31,"Netflix, Inc.",10-K,2025-01-27,14000,https://www.sec.gov/Archives/edgar/data/1065280/000106528025000044/0001065280-25-000044-index.htm,netflix,NFLX
NFLX,0001065280,2024-01-26 16:01:56,2023-12-31,"Netflix, Inc.",10-K,2024-01-26,13000,https://www.sec.gov/Archives/edgar/data/1065280/000106528024000030/0001065280-24-000030-index.htm,netflix,NFLX
NFLX,0001065280,2023-01-26 16:03:50,2022-12-31,"Netflix, Inc.",10-K,2023-01-26,12800,https://www.sec.gov/Archives/edgar/data/1065280/000106528023000035/0001065280-23-000035-index.htm,netflix,NFLX
NFLX,0001065280,2022-01-27 17:03:33,2021-12-31,"Netflix, Inc.",10-K,2022-01-27,11300,https://www.sec.gov/Archives/edgar/data/1065280/000106528022000036/0001065280-22-000036-index.htm,netflix,NFLX
NFLX,0001065280,2021-01-28 16:21:59,2020-12-31,"Netflix, Inc.",10-K,2021-01-28,9400,https://www.sec.gov/Archives/edgar/data/1065280/000106528021000040/0001065280-21-000040-index.htm,netflix,NFLX
NFLX,0001065280,2020-01-29 16:03:25,2019-12-31,"Netflix, Inc.",10-K,2020-01-29,8600,https://www.sec.gov/Archives/edgar/data/1065280/000106528020000040/0001065280-20-000040-index.htm,netflix,NFLX
NFLX,0001065280,2019-01-29 17:12:16,2018-12-31,"Netflix, Inc.",10-K,2019-01-29,7100,https://www.sec.gov/Archives/edgar/data/1065280/000106528019000043/0001065280-19-000043-index.htm,netflix,NFLX
NFLX,0001065280,2018-01-29 17:29:30,2017-12-31,"Netflix, Inc.",10-K,2018-01-29,5500,https://www.sec.gov/Archives/edgar/data/1065280/000106528018000069/0001065280-18-000069-index.htm,netflix,NFLX
NFLX,0001065280,2017-01-27 15:44:46,2016-12-31,"Netflix, Inc.",10-K,2017-01-27,4700,https://www.sec.gov/Archives/edgar/data/1065280/000162828017000496/0001628280-17-000496-index.htm,netflix,NFLX
NFLX,0001065280,2016-01-28 14:55:13,2015-12-31,"Netflix, Inc.",10-K,2016-01-28,3700,https://www.sec.gov/Archives/edgar/data/1065280/000106528016000047/0001065280-16-000047-index.htm,netflix,NFLX
NFLX,0001065280,2015-01-29 13:55:40,2014-12-31,"Netflix, Inc.",10-K,2015-01-29,2189,https://www.sec.gov/Archives/edgar/data/1065280/000106528015000006/0001065280-15-000006-index.htm,netflix,NFLX
NFLX,0001065280,2014-01-31 19:14:52,2013-12-31,"Netflix, Inc.",10-K,2014-02-03,2022,https://www.sec.gov/Archives/edgar/data/1065280/000106528014000006/0001065280-14-000006-index.htm,netflix,NFLX
NFLX,0001065280,2013-01-31 21:43:16,2012-12-31,"Netflix, Inc.",10-K,2013-02-01,2045,https://www.sec.gov/Archives/edgar/data/1065280/000106528013000008/0001065280-13-000008-index.htm,netflix,NFLX
NFLX,0001065280,2012-02-10 17:29:24,2011-12-31,"Netflix, Inc.",10-K,2012-02-10,2348,https://www.sec.gov/Archives/edgar/data/1065280/000119312512053009/0001193125-12-053009-index.htm,netflix,NFLX
NFLX,0001065280,2011-02-18 14:42:40,2010-12-31,"Netflix, Inc.",10-K,2011-02-18,2180,https://www.sec.gov/Archives/edgar/data/1065280/000119312511040217/0001193125-11-040217-index.htm,netflix,NFLX
NFLX,0001065280,2010-02-22 14:09:32,2009-12-31,"Netflix, Inc.",10-K,2010-02-22,1883,https://www.sec.gov/Archives/edgar/data/1065280/000119312510036181/0001193125-10-036181-index.htm,netflix,NFLX
NFLX,0001065280,2009-02-25 16:22:45,2008-12-31,"Netflix, Inc.",10-K,2009-02-25,1644,https://www.sec.gov/Archives/edgar/data/1065280/000119312509037430/0001193125-09-037430-index.htm,netflix,NFLX
NFLX,0001065280,2008-02-27 19:42:30,2007-12-31,"Netflix, Inc.",10-K,2008-02-28,1542,https://www.sec.gov/Archives/edgar/data/1065280/000119312508040378/0001193125-08-040378-index.htm,netflix,NFLX
NFLX,0001065280,2007-02-28 16:40:18,2006-12-31,"Netflix, Inc.",10-K,2007-02-28,1300,https://www.sec.gov/Archives/edgar/data/1065280/000119312507042689/0001193125-07-042689-index.htm,netflix,NFLX
NFLX,0001065280,2006-03-16 16:01:50,2005-12-31,"Netflix, Inc.",10-K,2006-03-16,985,https://www.sec.gov/Archives/edgar/data/1065280/000119312506056663/0001193125-06-056663-index.htm,netflix,NFLX
NFLX,0001065280,2005-03-15 16:49:49,2004-12-31,"Netflix, Inc.",10-K,2005-03-15,940,https://www.sec.gov/Archives/edgar/data/1065280/000119312505051159/0001193125-05-051159-index.htm,netflix,NFLX
NFLX,0001065280,2004-02-27 17:06:16,2003-12-31,"Netflix, Inc.",10-K,2004-02-27,567,https://www.sec.gov/Archives/edgar/data/1065280/000119312504031416/0001193125-04-031416-index.htm,netflix,NFLX
NFLX,0001065280,2003-03-31 16:05:01,2002-12-31,"Netflix, Inc.",10-K,2003-03-31,381,https://www.sec.gov/Archives/edgar/data/1065280/000095016803001155/0000950168-03-001155-index.htm,netflix,NFLX
SNAP,0001564408,2025-02-04 19:53:49,2024-12-31,Snap Inc.,10-K,2025-02-05,4911,https://www.sec.gov/Archives/edgar/data/1564408/000156440825000019/0001564408-25-000019-index.htm,snap,SNAP
SNAP,0001564408,2024-02-06 19:43:06,2023-12-31,Snap Inc.,10-K,2024-02-07,5289,https://www.sec.gov/Archives/edgar/data/1564408/000156440824000019/0001564408-24-000019-index.htm,snap,SNAP
SNAP,0001564408,2023-01-31 19:37:41,2022-12-31,Snap Inc.,10-K,2023-02-01,5288,https://www.sec.gov/Archives/edgar/data/1564408/000156440823000013/0001564408-23-000013-index.htm,snap,SNAP
SNAP,0001564408,2022-02-03 21:33:26,2021-12-31,Snap Inc.,10-K,2022-02-04,5661,https://www.sec.gov/Archives/edgar/data/1564408/000156459022003868/0001564590-22-003868-index.htm,snap,SNAP
SNAP,0001564408,2021-02-04 20:51:20,2020-12-31,Snap Inc.,10-K,2021-02-05,3863,https://www.sec.gov/Archives/edgar/data/1564408/000156459021004377/0001564590-21-004377-index.htm,snap,SNAP
SNAP,0001564408,2020-02-04 20:14:00,2019-12-31,Snap Inc.,10-K,2020-02-05,3195,https://www.sec.gov/Archives/edgar/data/1564408/000156459020003323/0001564590-20-003323-index.htm,snap,SNAP
SNAP,0001564408,2019-02-05 21:29:53,2018-12-31,Snap Inc.,10-K,2019-02-06,2884,https://www.sec.gov/Archives/edgar/data/1564408/000156459019002053/0001564590-19-002053-index.htm,snap,SNAP
SNAP,0001564408,2018-02-21 17:44:44,2017-12-31,Snap Inc.,10-K,2018-02-22,3069,https://www.sec.gov/Archives/edgar/data/1564408/000156459018002721/0001564590-18-002721-index.htm,snap,SNAP
META,0001326801,2025-01-29 20:00:50,2024-12-31,"Meta Platforms, Inc.",10-K,2025-01-30,74067,https://www.sec.gov/Archives/edgar/data/1326801/000132680125000017/0001326801-25-000017-index.htm,meta,META
META,0001326801,2024-02-01 19:39:02,2023-12-31,"Meta Platforms, Inc.",10-K,2024-02-02,67317,https://www.sec.gov/Archives/edgar/data/1326801/000132680124000012/0001326801-24-000012-index.htm,meta,META
META,0001326801,2023-02-01 20:26:31,2022-12-31,"Meta Platforms, Inc.",10-K,2023-02-02,86482,https://www.sec.gov/Archives/edgar/data/1326801/000132680123000013/0001326801-23-000013-index.htm,meta,META
META,0001326801,2022-02-02 21:11:04,2021-12-31,"Meta Platforms, Inc.",10-K,2022-02-03,71970,https://www.sec.gov/Archives/edgar/data/1326801/000132680122000018/0001326801-22-000018-index.htm,meta,META
META,0001326801,2021-01-27 21:13:48,2020-12-31,"Meta Platforms, Inc.",10-K,2021-01-28,58604,https://www.sec.gov/Archives/edgar/data/1326801/000132680121000014/0001326801-21-000014-index.htm,meta,META
META,0001326801,2020-01-29 21:12:14,2019-12-31,"Meta Platforms, Inc.",10-K,2020-01-30,44942,https://www.sec.gov/Archives/edgar/data/1326801/000132680120000013/0001326801-20-000013-index.htm,meta,META
META,0001326801,2019-01-31 16:58:29,2018-12-31,"Meta Platforms, Inc.",10-K,2019-01-31,35587,https://www.sec.gov/Archives/edgar/data/1326801/000132680119000009/0001326801-19-000009-index.htm,meta,META
META,0001326801,2018-02-01 16:58:26,2017-12-31,"Meta Platforms, Inc.",10-K,2018-02-01,25105,https://www.sec.gov/Archives/edgar/data/1326801/000132680118000009/0001326801-18-000009-index.htm,meta,META
META,0001326801,2017-02-02 21:13:52,2016-12-31,"Meta Platforms, Inc.",10-K,2017-02-03,17048,https://www.sec.gov/Archives/edgar/data/1326801/000132680117000007/0001326801-17-000007-index.htm,meta,META
META,0001326801,2016-01-28 16:17:07,2015-12-31,"Meta Platforms, Inc.",10-K,2016-01-28,12691,https://www.sec.gov/Archives/edgar/data/1326801/000132680116000043/0001326801-16-000043-index.htm,meta,META
META,0001326801,2015-01-29 16:35:58,2014-12-31,"Meta Platforms, Inc.",10-K,2015-01-29,9199,https://www.sec.gov/Archives/edgar/data/1326801/000132680115000006/0001326801-15-000006-index.htm,meta,META
META,0001326801,2014-01-31 16:10:34,2013-12-31,"Meta Platforms, Inc.",10-K,2014-01-31,6337,https://www.sec.gov/Archives/edgar/data/1326801/000132680114000007/0001326801-14-000007-index.htm,meta,META
META,0001326801,2013-02-01 16:43:01,2012-12-31,"Meta Platforms, Inc.",10-K,2013-02-01,4619,https://www.sec.gov/Archives/edgar/data/1326801/000132680113000003/0001326801-13-000003-index.htm,meta,META
HOOD,0001783879,2025-02-18 16:07:19,2024-12-31,"Robinhood Markets, Inc.",10-K,2025-02-18,2300,https://www.sec.gov/Archives/edgar/data/1783879/000178387925000049/0001783879-25-000049-index.htm,robinhood,HOOD
HOOD,0001783879,2024-02-27 16:29:14,2023-12-31,"Robinhood Markets, Inc.",10-K,2024-02-27,2200,https://www.sec.gov/Archives/edgar/data/1783879/000178387924000054/0001783879-24-000054-index.htm,robinhood,HOOD
HOOD,0001783879,2023-02-27 16:33:25,2022-12-31,"Robinhood Markets, Inc.",10-K,2023-02-27,2300,https://www.sec.gov/Archives/edgar/data/1783879/000178387923000045/0001783879-23-000045-index.htm,robinhood,HOOD
HOOD,0001783879,2022-02-24 16:06:16,2021-12-31,"Robinhood Markets, Inc.",10-K,2022-02-24,3800,https://www.sec.gov/Archives/edgar/data/1783879/000178387922000044/0001783879-22-000044-index.htm,robinhood,HOOD
SHOP,0001594805,2025-02-11 07:02:46,2024-12-31,Shopify Inc.,10-K,2025-02-11,8100,https://www.sec.gov/Archives/edgar/data/1594805/000159480525000012/0001594805-25-000012-index.htm,shopify,SHOP
SHOP,0001594805,2024-02-13 07:08:30,2023-12-31,Shopify Inc.,40-F,2024-02-13,2,https://www.sec.gov/Archives/edgar/data/1594805/000159480524000007/0001594805-24-000007-index.htm,shopify,SHOP
SHOP,0001594805,2023-02-16 07:24:07,2022-12-31,Shopify Inc.,40-F,2023-02-16,2,https://www.sec.gov/Archives/edgar/data/1594805/000159480523000011/0001594805-23-000011-index.htm,shopify,SHOP
SHOP,0001594805,2022-02-16 08:17:18,2021-12-31,Shopify Inc.,40-F,2022-02-16,2,https://www.sec.gov/Archives/edgar/data/1594805/000159480522000011/0001594805-22-000011-index.htm,shopify,SHOP
SHOP,0001594805,2021-02-17 07:46:03,2020-12-31,Shopify Inc.,40-F,2021-02-17,2,https://www.sec.gov/Archives/edgar/data/1594805/000159480521000008/0001594805-21-000008-index.htm,shopify,SHOP
SHOP,0001594805,2020-02-12 07:54:19,2019-12-31,Shopify Inc.,40-F,2020-02-12,2,https://www.sec.gov/Archives/edgar/data/1594805/000159480520000010/0001594805-20-000010-index.htm,shopify,SHOP
SHOP,0001594805,2019-02-12 07:33:10,2018-12-31,Shopify Inc.,40-F,2019-02-12,2,https://www.sec.gov/Archives/edgar/data/1594805/000159480519000010/0001594805-19-000010-index.htm,shopify,SHOP
SHOP,0001594805,2018-02-15 07:36:28,2017-12-31,Shopify Inc.,40-F,2018-02-15,2,https://www.sec.gov/Archives/edgar/data/1594805/000159480518000009/0001594805-18-000009-index.htm,shopify,SHOP
SHOP,0001594805,2017-02-15 07:37:33,2016-12-31,Shopify Inc.,40-F,2017-02-15,2,https://www.sec.gov/Archives/edgar/data/1594805/000159480517000007/0001594805-17-000007-index.htm,shopify,SHOP
SHOP,0001594805,2016-02-17 07:41:49,2015-12-31,Shopify Inc.,20-F,2016-02-17,1048,https://www.sec.gov/Archives/edgar/data/1594805/000159480516000019/0001594805-16-000019-index.htm,shopify,SHOP
PYPL,0001633917,2025-02-04 17:25:36,2024-12-31,"PayPal Holdings, Inc.",10-K,2025-02-04,24400,https://www.sec.gov/Archives/edgar/data/1633917/000163391725000019/0001633917-25-000019-index.htm,paypal,PYPL
PYPL,0001633917,2024-02-07 19:35:06,2023-12-31,"PayPal Holdings, Inc.",10-K,2024-02-08,27200,https://www.sec.gov/Archives/edgar/data/1633917/000163391724000024/0001633917-24-000024-index.htm,paypal,PYPL
PYPL,0001633917,2023-02-09 19:38:19,2022-12-31,"PayPal Holdings, Inc.",10-K,2023-02-10,29900,https://www.sec.gov/Archives/edgar/data/1633917/000163391723000033/0001633917-23-000033-index.htm,paypal,PYPL
PYPL,0001633917,2022-02-03 16:55:53,2021-12-31,"PayPal Holdings, Inc.",10-K,2022-02-03,30900,https://www.sec.gov/Archives/edgar/data/1633917/000163391722000027/0001633917-22-000027-index.htm,paypal,PYPL
PYPL,0001633917,2021-02-04 19:30:14,2020-12-31,"PayPal Holdings, Inc.",10-K,2021-02-05,26500,https://www.sec.gov/Archives/edgar/data/1633917/000163391721000018/0001633917-21-000018-index.htm,paypal,PYPL
PYPL,0001633917,2020-02-06 16:28:40,2019-12-31,"PayPal Holdings, Inc.",10-K,2020-02-06,23200,https://www.sec.gov/Archives/edgar/data/1633917/000163391720000028/0001633917-20-000028-index.htm,paypal,PYPL
PYPL,0001633917,2019-02-07 16:47:58,2018-12-31,"PayPal Holdings, Inc.",10-K,2019-02-07,21800,https://www.sec.gov/Archives/edgar/data/1633917/000163391719000043/0001633917-19-000043-index.htm,paypal,PYPL
PYPL,0001633917,2018-02-07 16:32:44,2017-12-31,"PayPal Holdings, Inc.",10-K,2018-02-07,18700,https://www.sec.gov/Archives/edgar/data/1633917/000163391718000029/0001633917-18-000029-index.htm,paypal,PYPL
PYPL,0001633917,2017-02-08 16:35:30,2016-12-31,"PayPal Holdings, Inc.",10-K,2017-02-08,18100,https://www.sec.gov/Archives/edgar/data/1633917/000163391717000027/0001633917-17-000027-index.htm,paypal,PYPL
PYPL,0001633917,2016-02-11 16:44:06,2015-12-31,"PayPal Holdings, Inc.",10-K,2016-02-11,16800,https://www.sec.gov/Archives/edgar/data/1633917/000163391716000113/0001633917-16-000113-index.htm,paypal,PYPL
ROKU,0001428439,2025-02-14 16:04:14,2024-12-31,"Roku, Inc.",10-K,2025-02-14,3340,https://www.sec.gov/Archives/edgar/data/1428439/000142843925000013/0001428439-25-000013-index.htm,roku,ROKU
ROKU,0001428439,2024-02-16 16:06:52,2023-12-31,"Roku, Inc.",10-K,2024-02-16,3150,https://www.sec.gov/Archives/edgar/data/1428439/000142843924000011/0001428439-24-000011-index.htm,roku,ROKU
ROKU,0001428439,2023-02-16 16:51:10,2022-12-31,"Roku, Inc.",10-K,2023-02-16,3600,https://www.sec.gov/Archives/edgar/data/1428439/000142843923000007/0001428439-23-000007-index.htm,roku,ROKU
ROKU,0001428439,2022-02-18 16:54:27,2021-12-31,"Roku, Inc.",10-K,2022-02-18,3000,https://www.sec.gov/Archives/edgar/data/1428439/000142843922000010/0001428439-22-000010-index.htm,roku,ROKU
ROKU,0001428439,2021-02-25 18:16:33,2020-12-31,"Roku, Inc.",10-K,2021-02-26,1925,https://www.sec.gov/Archives/edgar/data/1428439/000156459021009021/0001564590-21-009021-index.htm,roku,ROKU
ROKU,0001428439,2020-02-28 20:31:09,2019-12-31,"Roku, Inc.",10-K,2020-03-02,1650,https://www.sec.gov/Archives/edgar/data/1428439/000156459020007916/0001564590-20-007916-index.htm,roku,ROKU
ROKU,0001428439,2019-03-01 16:52:29,2018-12-31,"Roku, Inc.",10-K,2019-03-01,1111,https://www.sec.gov/Archives/edgar/data/1428439/000156459019005829/0001564590-19-005829-index.htm,roku,ROKU
ROKU,0001428439,2018-03-01 16:42:30,2017-12-31,"Roku, Inc.",10-K,2018-03-01,817,https://www.sec.gov/Archives/edgar/data/1428439/000156459018004134/0001564590-18-004134-index.htm,roku,ROKU
DOCU,0001261333,2025-03-18 16:13:20,2025-01-31,"DocuSign, Inc.",10-K,2025-03-18,6838,https://www.sec.gov/Archives/edgar/data/1261333/000126133325000024/0001261333-25-000024-index.htm,docusign,DOCU
DOCU,0001261333,2024-03-21 16:30:09,2024-01-31,"DocuSign, Inc.",10-K,2024-03-21,6840,https://www.sec.gov/Archives/edgar/data/1261333/000126133324000045/0001261333-24-000045-index.htm,docusign,DOCU
DOCU,0001261333,2023-03-27 10:45:30,2023-01-31,"DocuSign, Inc.",10-K,2023-03-27,7336,https://www.sec.gov/Archives/edgar/data/1261333/000126133323000050/0001261333-23-000050-index.htm,docusign,DOCU
DOCU,0001261333,2022-03-25 08:53:58,2022-01-31,"DocuSign, Inc.",10-K,2022-03-25,7461,https://www.sec.gov/Archives/edgar/data/1261333/000126133322000049/0001261333-22-000049-index.htm,docusign,DOCU
DOCU,0001261333,2021-03-31 17:05:03,2021-01-31,"DocuSign, Inc.",10-K,2021-03-31,5630,https://www.sec.gov/Archives/edgar/data/1261333/000126133321000059/0001261333-21-000059-index.htm,docusign,DOCU
DOCU,0001261333,2020-03-27 16:14:10,2020-01-31,"DocuSign, Inc.",10-K,2020-03-27,3909,https://www.sec.gov/Archives/edgar/data/1261333/000126133320000033/0001261333-20-000033-index.htm,docusign,DOCU
DOCU,0001261333,2019-03-26 17:28:06,2019-01-31,"DocuSign, Inc.",10-K,2019-03-26,3023,https://www.sec.gov/Archives/edgar/data/1261333/000126133319000012/0001261333-19-000012-index.htm,docusign,DOCU
AAPL,0000320193,2025-10-31 06:01:26,2025-09-27,Apple Inc.,10-K,2025-10-31,166000,https://www.sec.gov/Archives/edgar/data/320193/000032019325000079/0000320193-25-000079-index.htm,apple,AAPL
AAPL,0000320193,2024-11-01 06:01:36,2024-09-28,Apple Inc.,10-K,2024-11-01,164000,https://www.sec.gov/Archives/edgar/data/320193/000032019324000123/0000320193-24-000123-index.htm,apple,AAPL
AAPL,0000320193,2023-11-02 18:08:27,2023-09-30,Apple Inc.,10-K,2023-11-03,161000,https://www.sec.gov/Archives/edgar/data/320193/000032019323000106/0000320193-23-000106-index.htm,apple,AAPL
AAPL,0000320193,2022-10-27 18:01:14,2022-09-24,Apple Inc.,10-K,2022-10-28,164000,https://www.sec.gov/Archives/edgar/data/320193/000032019322000108/0000320193-22-000108-index.htm,apple,AAPL
AAPL,0000320193,2021-10-28 18:04:28,2021-09-25,Apple Inc.,10-K,2021-10-29,154000,https://www.sec.gov/Archives/edgar/data/320193/000032019321000105/0000320193-21-000105-index.htm,apple,AAPL
AAPL,0000320193,2020-10-29 18:06:25,2020-09-26,Apple Inc.,10-K,2020-10-30,147000,https://www.sec.gov/Archives/edgar/data/320193/000032019320000096/0000320193-20-000096-index.htm,apple,AAPL
AAPL,0000320193,2019-10-30 18:12:36,2019-09-28,Apple Inc.,10-K,2019-10-31,137000,https://www.sec.gov/Archives/edgar/data/320193/000032019319000119/0000320193-19-000119-index.htm,apple,AAPL
AAPL,0000320193,2018-11-05 08:01:40,2018-09-29,Apple Inc.,10-K,2018-11-05,132000,https://www.sec.gov/Archives/edgar/data/320193/000032019318000145/0000320193-18-000145-index.htm,apple,AAPL
AAPL,0000320193,2017-11-03 08:01:37,2017-09-30,Apple Inc.,10-K,2017-11-03,123000,https://www.sec.gov/Archives/edgar/data/320193/000032019317000070/0000320193-17-000070-index.htm,apple,AAPL
AAPL,0000320193,2016-10-26 16:42:16,2016-09-24,Apple Inc.,10-K,2016-10-26,116000,https://www.sec.gov/Archives/edgar/data/320193/000162828016020309/0001628280-16-020309-index.htm,apple,AAPL
AAPL,0000320193,2015-10-28 16:31:09,2015-09-26,Apple Inc.,10-K,2015-10-28,110000,https://www.sec.gov/Archives/edgar/data/320193/000119312515356351/0001193125-15-356351-index.htm,apple,AAPL
AAPL,0000320193,2014-10-27 17:11:55,2014-09-27,Apple Inc.,10-K,2014-10-27,92600,https://www.sec.gov/Archives/edgar/data/320193/000119312514383437/0001193125-14-383437-index.htm,apple,AAPL
AAPL,0000320193,2013-10-29 20:38:28,2013-09-28,Apple Inc.,10-K,2013-10-30,80300,https://www.sec.gov/Archives/edgar/data/320193/000119312513416534/0001193125-13-416534-index.htm,apple,AAPL
AAPL,0000320193,2012-10-31 17:07:19,2012-09-29,Apple Inc.,10-K,2012-10-31,72800,https://www.sec.gov/Archives/edgar/data/320193/000119312512444068/0001193125-12-444068-index.htm,apple,AAPL
AAPL,0000320193,2011-10-26 16:35:25,2011-09-24,Apple Inc.,10-K,2011-10-26,60400,https://www.sec.gov/Archives/edgar/data/320193/000119312511282113/0001193125-11-282113-index.htm,apple,AAPL
AAPL,0000320193,2010-10-27 16:36:21,2010-09-25,Apple Inc.,10-K,2010-10-27,46600,https://www.sec.gov/Archives/edgar/data/320193/000119312510238044/0001193125-10-238044-index.htm,apple,AAPL
AAPL,0000320193,2009-10-27 16:18:29,2009-09-26,Apple Inc.,10-K,2009-10-27,34300,https://www.sec.gov/Archives/edgar/data/320193/000119312509214859/0001193125-09-214859-index.htm,apple,AAPL
AAPL,0000320193,2008-11-05 06:16:23,2008-09-27,Apple Inc.,10-K,2008-11-05,32000,https://www.sec.gov/Archives/edgar/data/320193/000119312508224958/0001193125-08-224958-index.htm,apple,AAPL
AAPL,0000320193,2007-11-15 16:49:37,2007-09-29,Apple Inc.,10-K,2007-11-15,21600,https://www.sec.gov/Archives/edgar/data/320193/000104746907009340/0001047469-07-009340-index.htm,apple,AAPL
AAPL,0000320193,2006-12-29 06:05:58,2006-09-30,Apple Inc.,10-K,2006-12-29,17787,https://www.sec.gov/Archives/edgar/data/320193/000110465906084288/0001104659-06-084288-index.htm,apple,AAPL
AAPL,0000320193,2005-11-30 21:22:48,2005-09-24,Apple Inc.,10-K,2005-12-01,14800,https://www.sec.gov/Archives/edgar/data/320193/000110465905058421/0001104659-05-058421-index.htm,apple,AAPL
AAPL,0000320193,2004-12-02 18:05:49,2004-09-25,Apple Inc.,10-K,2004-12-03,11695,https://www.sec.gov/Archives/edgar/data/320193/000104746904035975/0001047469-04-035975-index.htm,apple,AAPL
AAPL,0000320193,2003-12-19 17:25:45,2003-09-27,Apple Inc.,10-K,2003-12-19,10912,https://www.sec.gov/Archives/edgar/data/320193/000104746903041604/0001047469-03-041604-index.htm,apple,AAPL
AAPL,0000320193,2002-12-19 17:20:21,2002-09-28,Apple Inc.,10-K,2002-12-19,10211,https://www.sec.gov/Archives/edgar/data/320193/000104746902007674/0001047469-02-007674-index.htm,apple,AAPL
AAPL,0000320193,2001-12-21 00:00:00,2001-09-29,Apple Inc.,10-K405,2001-12-21,9603,https://www.sec.gov/Archives/edgar/data/320193/000091205701544436/0000912057-01-544436-index.htm,apple,AAPL
AAPL,0000320193,2000-12-14 00:00:00,2000-09-30,Apple Inc.,10-K,2000-12-14,8568,https://www.sec.gov/Archives/edgar/data/320193/000091205700053623/0000912057-00-053623-index.htm,apple,AAPL
SOFI,0001818874,2025-02-24 16:09:10,2024-12-31,"SoFi Technologies, Inc.",10-K,2025-02-24,5000,https://www.sec.gov/Archives/edgar/data/1818874/000181887425000016/0001818874-25-000016-index.htm,sofi,SOFI
SOFI,0001818874,2024-02-27 17:14:38,2023-12-31,"SoFi Technologies, Inc.",10-K,2024-02-27,4400,https://www.sec.gov/Archives/edgar/data/1818874/000181887424000026/0001818874-24-000026-index.htm,sofi,SOFI
SOFI,0001818874,2023-03-01 17:06:13,2022-12-31,"SoFi Technologies, Inc.",10-K,2023-03-01,4200,https://www.sec.gov/Archives/edgar/data/1818874/000181887423000018/0001818874-23-000018-index.htm,sofi,SOFI
SOFI,0001818874,2022-03-01 17:03:20,2021-12-31,"SoFi Technologies, Inc.",10-K,2022-03-01,2500,https://www.sec.gov/Archives/edgar/data/1818874/000181887422000031/0001818874-22-000031-index.htm,sofi,SOFI
SOFI,0001818874,2021-03-17 09:20:06,2020-12-31,"SoFi Technologies, Inc.",10-K,2021-03-17,4,https://www.sec.gov/Archives/edgar/data/1818874/000110465921037483/0001104659-21-037483-index.htm,sofi,SOFI
COIN,0001679788,2025-02-13 16:16:43,2024-12-31,"Coinbase Global, Inc.",10-K,2025-02-13,3772,https://www.sec.gov/Archives/edgar/data/1679788/000167978825000022/0001679788-25-000022-index.htm,coinbase,COIN
COIN,0001679788,2024-02-15 16:34:25,2023-12-31,"Coinbase Global, Inc.",10-K,2024-02-15,3416,https://www.sec.gov/Archives/edgar/data/1679788/000167978824000022/0001679788-24-000022-index.htm,coinbase,COIN
COIN,0001679788,2023-02-21 16:37:42,2022-12-31,"Coinbase Global, Inc.",10-K,2023-02-21,4510,https://www.sec.gov/Archives/edgar/data/1679788/000167978823000031/0001679788-23-000031-index.htm,coinbase,COIN
COIN,0001679788,2022-02-24 20:57:05,2021-12-31,"Coinbase Global, Inc.",10-K,2022-02-25,3730,https://www.sec.gov/Archives/edgar/data/1679788/000167978822000031/0001679788-22-000031-index.htm,coinbase,COIN
CSCO,0000858877,2025-09-03 16:52:59,2025-07-26,"Cisco Systems, Inc.",10-K,2025-09-03,86200,https://www.sec.gov/Archives/edgar/data/858877/000085887725000111/0000858877-25-000111-index.htm,cisco,CSCO
CSCO,0000858877,2024-09-05 16:41:20,2024-07-27,"Cisco Systems, Inc.",10-K,2024-09-05,90400,https://www.sec.gov/Archives/edgar/data/858877/000085887724000017/0000858877-24-000017-index.htm,cisco,CSCO
CSCO,0000858877,2023-09-07 16:30:09,2023-07-29,"Cisco Systems, Inc.",10-K,2023-09-07,84900,https://www.sec.gov/Archives/edgar/data/858877/000085887723000023/0000858877-23-000023-index.htm,cisco,CSCO
CSCO,0000858877,2022-09-08 16:47:54,2022-07-30,"Cisco Systems, Inc.",10-K,2022-09-08,83300,https://www.sec.gov/Archives/edgar/data/858877/000085887722000013/0000858877-22-000013-index.htm,cisco,CSCO
CSCO,0000858877,2021-09-09 16:39:49,2021-07-31,"Cisco Systems, Inc.",10-K,2021-09-09,79500,https://www.sec.gov/Archives/edgar/data/858877/000085887721000013/0000858877-21-000013-index.htm,cisco,CSCO
CSCO,0000858877,2020-09-03 17:05:55,2020-07-25,"Cisco Systems, Inc.",10-K,2020-09-03,77500,https://www.sec.gov/Archives/edgar/data/858877/000085887720000010/0000858877-20-000010-index.htm,cisco,CSCO
CSCO,0000858877,2019-09-05 17:17:18,2019-07-27,"Cisco Systems, Inc.",10-K,2019-09-05,75900,https://www.sec.gov/Archives/edgar/data/858877/000085887719000012/0000858877-19-000012-index.htm,cisco,CSCO
CSCO,0000858877,2018-09-06 17:14:48,2018-07-28,"Cisco Systems, Inc.",10-K,2018-09-06,74200,https://www.sec.gov/Archives/edgar/data/858877/000085887718000011/0000858877-18-000011-index.htm,cisco,CSCO
CSCO,0000858877,2017-09-07 17:18:41,2017-07-29,"Cisco Systems, Inc.",10-K,2017-09-07,72900,https://www.sec.gov/Archives/edgar/data/858877/000085887717000016/0000858877-17-000016-index.htm,cisco,CSCO
CSCO,0000858877,2016-09-08 17:12:13,2016-07-30,"Cisco Systems, Inc.",10-K,2016-09-08,73700,https://www.sec.gov/Archives/edgar/data/858877/000085887716000117/0000858877-16-000117-index.htm,cisco,CSCO
CSCO,0000858877,2015-09-08 17:04:32,2015-07-25,"Cisco Systems, Inc.",10-K,2015-09-08,70000,https://www.sec.gov/Archives/edgar/data/858877/000085887715000070/0000858877-15-000070-index.htm,cisco,CSCO
CSCO,0000858877,2014-09-09 17:17:40,2014-07-26,"Cisco Systems, Inc.",10-K,2014-09-09,74042,https://www.sec.gov/Archives/edgar/data/858877/000085887714000029/0000858877-14-000029-index.htm,cisco,CSCO
CSCO,0000858877,2013-09-10 17:10:54,2013-07-27,"Cisco Systems, Inc.",10-K,2013-09-10,75049,https://www.sec.gov/Archives/edgar/data/858877/000085887713000049/0000858877-13-000049-index.htm,cisco,CSCO
CSCO,0000858877,2012-09-12 06:06:40,2012-07-28,"Cisco Systems, Inc.",10-K,2012-09-12,66639,https://www.sec.gov/Archives/edgar/data/858877/000119312512388590/0001193125-12-388590-index.htm,cisco,CSCO
CSCO,0000858877,2011-09-14 06:34:32,2011-07-30,"Cisco Systems, Inc.",10-K,2011-09-14,71825,https://www.sec.gov/Archives/edgar/data/858877/000119312511247394/0001193125-11-247394-index.htm,cisco,CSCO
CSCO,0000858877,2010-09-21 07:01:32,2010-07-31,"Cisco Systems, Inc.",10-K,2010-09-21,70700,https://www.sec.gov/Archives/edgar/data/858877/000119312510213400/0001193125-10-213400-index.htm,cisco,CSCO
CSCO,0000858877,2009-09-11 07:40:41,2009-07-25,"Cisco Systems, Inc.",10-K,2009-09-11,65550,https://www.sec.gov/Archives/edgar/data/858877/000119312509190326/0001193125-09-190326-index.htm,cisco,CSCO
CSCO,0000858877,2008-09-15 06:17:03,2008-07-26,"Cisco Systems, Inc.",10-K,2008-09-15,66129,https://www.sec.gov/Archives/edgar/data/858877/000119312508195608/0001193125-08-195608-index.htm,cisco,CSCO
CSCO,0000858877,2007-09-18 06:32:44,2007-07-28,"Cisco Systems, Inc.",10-K,2007-09-18,61535,https://www.sec.gov/Archives/edgar/data/858877/000119312507202552/0001193125-07-202552-index.htm,cisco,CSCO
CSCO,0000858877,2006-09-18 08:32:55,2006-07-29,"Cisco Systems, Inc.",10-K,2006-09-18,49926,https://www.sec.gov/Archives/edgar/data/858877/000119312506192133/0001193125-06-192133-index.htm,cisco,CSCO
CSCO,0000858877,2005-09-19 06:27:54,2005-07-30,"Cisco Systems, Inc.",10-K,2005-09-19,38413,https://www.sec.gov/Archives/edgar/data/858877/000119312505187168/0001193125-05-187168-index.htm,cisco,CSCO
CSCO,0000858877,2004-09-20 07:29:05,2004-07-31,"Cisco Systems, Inc.",10-K,2004-09-20,34000,https://www.sec.gov/Archives/edgar/data/858877/000119312504158427/0001193125-04-158427-index.htm,cisco,CSCO
CSCO,0000858877,2003-09-09 21:44:56,2003-07-26,"Cisco Systems, Inc.",10-K,2003-09-10,34000,https://www.sec.gov/Archives/edgar/data/858877/000119312503047374/0001193125-03-047374-index.htm,cisco,CSCO
CSCO,0000858877,2002-09-17 20:59:37,2002-07-27,"Cisco Systems, Inc.",10-K,2002-09-18,36000,https://www.sec.gov/Archives/edgar/data/858877/000089161802004345/0000891618-02-004345-index.htm,cisco,CSCO
CSCO,0000858877,2001-09-24 00:00:00,2001-07-28,"Cisco Systems, Inc.",10-K,2001-09-24,1,https://www.sec.gov/Archives/edgar/data/858877/000109581101505065/0001095811-01-505065-index.htm,cisco,CSCO
CSCO,0000858877,2000-09-29 00:00:00,2000-07-29,"Cisco Systems, Inc.",10-K,2000-09-29,34000,https://www.sec.gov/Archives/edgar/data/858877/000109581100003692/0001095811-00-003692-index.htm,cisco,CSCO
CSCO,0000858877,1999-09-28 00:00:00,1999-07-31,"Cisco Systems, Inc.",10-K405,1999-09-28,21000,https://www.sec.gov/Archives/edgar/data/858877/000089161899004365/0000891618-99-004365-index.html,cisco,CSCO
CSCO,0000858877,1998-09-25 00:00:00,1998-07-25,"Cisco Systems, Inc.",10-K,1998-09-25,5000,https://www.sec.gov/Archives/edgar/data/858877/000089161898004310/0000891618-98-004310-index.html,cisco,CSCO
CSCO,0000858877,1997-10-22 00:00:00,1997-07-26,"Cisco Systems, Inc.",10-K,1997-10-22,3500,https://www.sec.gov/Archives/edgar/data/858877/000089161897004205/0000891618-97-004205-index.html,cisco,CSCO
CSCO,0000858877,1996-10-25 00:00:00,1996-07-28,"Cisco Systems, Inc.",10-K,1996-10-25,1400,https://www.sec.gov/Archives/edgar/data/858877/000095014996001640/0000950149-96-001640-index.html,cisco,CSCO
CSCO,0000858877,1995-10-26 00:00:00,1995-10-26,"Cisco Systems, Inc.",10-K,1995-10-26,621,https://www.sec.gov/Archives/edgar/data/858877/000095014995000673/0000950149-95-000673-index.html,cisco,CSCO
PINS,0001506293,2025-02-06 16:17:22,2024-12-31,"Pinterest, Inc.",10-K,2025-02-06,4666,https://www.sec.gov/Archives/edgar/data/1506293/000150629325000022/0001506293-25-000022-index.htm,pinterest,PINS
PINS,0001506293,2024-02-08 16:16:02,2023-12-31,"Pinterest, Inc.",10-K,2024-02-08,4014,https://www.sec.gov/Archives/edgar/data/1506293/000150629324000018/0001506293-24-000018-index.htm,pinterest,PINS
PINS,0001506293,2023-02-06 16:27:35,2022-12-31,"Pinterest, Inc.",10-K,2023-02-06,3987,https://www.sec.gov/Archives/edgar/data/1506293/000150629323000023/0001506293-23-000023-index.htm,pinterest,PINS
PINS,0001506293,2022-02-03 17:07:30,2021-12-31,"Pinterest, Inc.",10-K,2022-02-03,3225,https://www.sec.gov/Archives/edgar/data/1506293/000150629322000016/0001506293-22-000016-index.htm,pinterest,PINS
PINS,0001506293,2021-02-04 17:57:32,2020-12-31,"Pinterest, Inc.",10-K,2021-02-05,2545,https://www.sec.gov/Archives/edgar/data/1506293/000150629321000025/0001506293-21-000025-index.htm,pinterest,PINS
PINS,0001506293,2020-02-06 18:41:19,2019-12-31,"Pinterest, Inc.",10-K,2020-02-07,2217,https://www.sec.gov/Archives/edgar/data/1506293/000150629320000013/0001506293-20-000013-index.htm,pinterest,PINS
ZM,0001585521,2025-02-28 16:02:08,2025-01-31,"Zoom Communications, Inc.",10-K,2025-02-28,7412,https://www.sec.gov/Archives/edgar/data/1585521/000158552125000042/0001585521-25-000042-index.htm,zoom,ZM
ZM,0001585521,2024-03-01 18:30:11,2024-01-31,"Zoom Communications, Inc.",10-K,2024-03-04,7420,https://www.sec.gov/Archives/edgar/data/1585521/000158552124000030/0001585521-24-000030-index.htm,zoom,ZM
ZM,0001585521,2023-03-03 11:07:37,2023-01-31,"Zoom Communications, Inc.",10-K,2023-03-03,8484,https://www.sec.gov/Archives/edgar/data/1585521/000158552123000035/0001585521-23-000035-index.htm,zoom,ZM
ZM,0001585521,2022-03-07 16:02:53,2022-01-31,"Zoom Communications, Inc.",10-K,2022-03-07,6787,https://www.sec.gov/Archives/edgar/data/1585521/000158552122000037/0001585521-22-000037-index.htm,zoom,ZM
ZM,0001585521,2021-03-18 16:03:41,2021-01-31,"Zoom Communications, Inc.",10-K,2021-03-18,4422,https://www.sec.gov/Archives/edgar/data/1585521/000158552121000048/0001585521-21-000048-index.htm,zoom,ZM
ZM,0001585521,2020-03-20 16:37:28,2020-01-31,"Zoom Communications, Inc.",10-K,2020-03-20,2532,https://www.sec.gov/Archives/edgar/data/1585521/000158552120000095/0001585521-20-000095-index.htm,zoom,ZM
SIRI,0000908937,2025-01-30 09:20:18,2024-12-31,Sirius XM Holdings Inc.,10-K,2025-01-30,5515,https://www.sec.gov/Archives/edgar/data/908937/000090893725000005/0000908937-25-000005-index.htm,siriusxm,SIRI
SIRI,0000908937,2024-02-01 09:35:52,2023-12-31,Sirius XM Holdings Inc.,10-K,2024-02-01,5680,https://www.sec.gov/Archives/edgar/data/908937/000090893724000008/0000908937-24-000008-index.htm,siriusxm,SIRI
SIRI,0000908937,2023-02-02 09:58:53,2022-12-31,Sirius XM Holdings Inc.,10-K,2023-02-02,5869,https://www.sec.gov/Archives/edgar/data/908937/000090893723000006/0000908937-23-000006-index.htm,siriusxm,SIRI
SIRI,0000908937,2022-02-01 09:09:40,2021-12-31,Sirius XM Holdings Inc.,10-K,2022-02-01,5590,https://www.sec.gov/Archives/edgar/data/908937/000090893722000007/0000908937-22-000007-index.htm,siriusxm,SIRI
SIRI,0000908937,2021-02-02 08:56:14,2020-12-31,Sirius XM Holdings Inc.,10-K,2021-02-02,5726,https://www.sec.gov/Archives/edgar/data/908937/000090893721000015/0000908937-21-000015-index.htm,siriusxm,SIRI
SIRI,0000908937,2020-02-04 17:08:22,2019-12-31,Sirius XM Holdings Inc.,10-K,2020-02-04,4534,https://www.sec.gov/Archives/edgar/data/908937/000090893720000011/0000908937-20-000011-index.htm,siriusxm,SIRI
SIRI,0000908937,2019-01-30 15:36:19,2018-12-31,Sirius XM Holdings Inc.,10-K,2019-01-30,2699,https://www.sec.gov/Archives/edgar/data/908937/000090893719000008/0000908937-19-000008-index.htm,siriusxm,SIRI
SIRI,0000908937,2018-01-31 11:41:55,2017-12-31,Sirius XM Holdings Inc.,10-K,2018-01-31,2575,https://www.sec.gov/Archives/edgar/data/908937/000090893718000014/0000908937-18-000014-index.htm,siriusxm,SIRI
SIRI,0000908937,2017-02-02 11:57:33,2016-12-31,Sirius XM Holdings Inc.,10-K,2017-02-02,2402,https://www.sec.gov/Archives/edgar/data/908937/000090893717000009/0000908937-17-000009-index.htm,siriusxm,SIRI
SIRI,0000908937,2016-02-02 12:26:47,2015-12-31,Sirius XM Holdings Inc.,10-K,2016-02-02,2323,https://www.sec.gov/Archives/edgar/data/908937/000156459016012174/0001564590-16-012174-index.htm,siriusxm,SIRI
SIRI,0000908937,2015-02-05 12:12:19,2014-12-31,Sirius XM Holdings Inc.,10-K,2015-02-05,2327,https://www.sec.gov/Archives/edgar/data/908937/000090893715000003/0000908937-15-000003-index.htm,siriusxm,SIRI
SIRI,0000908937,2014-02-04 16:41:47,2013-12-31,Sirius XM Holdings Inc.,10-K,2014-02-04,2195,https://www.sec.gov/Archives/edgar/data/908937/000090893714000006/0000908937-14-000006-index.htm,siriusxm,SIRI
SIRI,0000908937,2013-02-06 15:40:30,2012-12-31,Sirius XM Holdings Inc.,10-K,2013-02-06,1596,https://www.sec.gov/Archives/edgar/data/908937/000090893713000004/0000908937-13-000004-index.htm,siriusxm,SIRI
SIRI,0000908937,2012-02-09 15:30:26,2011-12-31,Sirius XM Holdings Inc.,10-K,2012-02-09,1526,https://www.sec.gov/Archives/edgar/data/908937/000119312512049086/0001193125-12-049086-index.htm,siriusxm,SIRI
SIRI,0000908937,2011-02-16 13:41:00,2010-12-31,Sirius XM Holdings Inc.,10-K,2011-02-16,1479,https://www.sec.gov/Archives/edgar/data/908937/000095012311014617/0000950123-11-014617-index.htm,siriusxm,SIRI
SIRI,0000908937,2010-02-25 17:27:31,2009-12-31,Sirius XM Holdings Inc.,10-K,2010-02-25,1514,https://www.sec.gov/Archives/edgar/data/908937/000095012310017181/0000950123-10-017181-index.htm,siriusxm,SIRI
SIRI,0000908937,2009-03-10 17:17:29,2008-12-31,Sirius XM Holdings Inc.,10-K,2009-03-10,1640,https://www.sec.gov/Archives/edgar/data/908937/000119312509049874/0001193125-09-049874-index.htm,siriusxm,SIRI
SIRI,0000908937,2008-02-29 13:59:44,2007-12-31,Sirius XM Holdings Inc.,10-K,2008-02-29,973,https://www.sec.gov/Archives/edgar/data/908937/000095012308002331/0000950123-08-002331-index.htm,siriusxm,SIRI
SIRI,0000908937,2007-03-01 15:30:31,2006-12-31,Sirius XM Holdings Inc.,10-K,2007-03-01,772,https://www.sec.gov/Archives/edgar/data/908937/000093041307001865/0000930413-07-001865-index.htm,siriusxm,SIRI
SIRI,0000908937,2006-03-13 13:52:51,2005-12-31,Sirius XM Holdings Inc.,10-K,2006-03-13,614,https://www.sec.gov/Archives/edgar/data/908937/000095011706001134/0000950117-06-001134-index.htm,siriusxm,SIRI
SIRI,0000908937,2005-03-16 17:31:26,2004-12-31,Sirius XM Holdings Inc.,10-K,2005-03-16,514,https://www.sec.gov/Archives/edgar/data/908937/000095011705000996/0000950117-05-000996-index.htm,siriusxm,SIRI
SIRI,0000908937,2004-03-12 17:17:05,2003-12-31,Sirius XM Holdings Inc.,10-K,2004-03-12,375,https://www.sec.gov/Archives/edgar/data/908937/000095011704000968/0000950117-04-000968-index.htm,siriusxm,SIRI
SIRI,0000908937,2003-03-28 14:36:43,2002-12-31,Sirius XM Holdings Inc.,10-K,2003-03-28,304,https://www.sec.gov/Archives/edgar/data/908937/000095011703001189/0000950117-03-001189-index.htm,siriusxm,SIRI
SIRI,0000908937,2002-03-27 00:00:00,2001-12-31,Sirius XM Holdings Inc.,10-K405,2002-03-27,247,https://www.sec.gov/Archives/edgar/data/908937/000095011702000639/0000950117-02-000639-index.htm,siriusxm,SIRI
SIRI,0000908937,2001-03-30 00:00:00,2000-12-31,Sirius XM Holdings Inc.,10-K405,2001-03-30,180,https://www.sec.gov/Archives/edgar/data/908937/000095011701000648/0000950117-01-000648-index.htm,siriusxm,SIRI
SIRI,0000908937,2000-03-30 00:00:00,1999-12-31,Sirius XM Holdings Inc.,10-K405,2000-03-30,250,https://www.sec.gov/Archives/edgar/data/908937/000095011700000770/0000950117-00-000770-index.html,siriusxm,SIRI
SIRI,0000908937,1999-03-31 00:00:00,1998-12-31,Sirius XM Holdings Inc.,10-K,1999-03-31,150,https://www.sec.gov/Archives/edgar/data/908937/000095011799000673/0000950117-99-000673-index.html,siriusxm,SIRI
SIRI,0000908937,1998-03-19 00:00:00,1997-12-31,Sirius XM Holdings Inc.,10-K405,1998-03-19,14,https://www.sec.gov/Archives/edgar/data/908937/000095011798000563/0000950117-98-000563-index.html,siriusxm,SIRI
SIRI,0000908937,1997-03-31 00:00:00,1996-12-31,Sirius XM Holdings Inc.,10-K405,1997-03-31,3,https://www.sec.gov/Archives/edgar/data/908937/000095013397001175/0000950133-97-001175-index.html,siriusxm,SIRI
LCID,0001811210,2025-02-25 16:12:26,2024-12-31,"Lucid Group, Inc.",10-K,2025-02-25,6800,https://www.sec.gov/Archives/edgar/data/1811210/000162828025007725/0001628280-25-007725-index.htm,lucid motors,LCID
LCID,0001811210,2024-02-27 16:09:22,2023-12-31,"Lucid Group, Inc.",10-K,2024-02-27,6500,https://www.sec.gov/Archives/edgar/data/1811210/000162828024007209/0001628280-24-007209-index.htm,lucid motors,LCID
LCID,0001811210,2023-02-28 16:09:35,2022-12-31,"Lucid Group, Inc.",10-K,2023-02-28,7200,https://www.sec.gov/Archives/edgar/data/1811210/000162828023005540/0001628280-23-005540-index.htm,lucid motors,LCID
LCID,0001811210,2022-02-28 16:27:56,2021-12-31,"Lucid Group, Inc.",10-K,2022-02-28,3900,https://www.sec.gov/Archives/edgar/data/1811210/000162828022004253/0001628280-22-004253-index.htm,lucid motors,LCID
LCID,0001811210,2021-03-15 21:58:13,2020-12-31,"Lucid Group, Inc.",10-K,2021-03-16,2,https://www.sec.gov/Archives/edgar/data/1811210/000110465921036537/0001104659-21-036537-index.htm,lucid motors,LCID
TSLA,0001318605,2025-01-29 20:42:33,2024-12-31,"Tesla, Inc.",10-K,2025-01-30,125665,https://www.sec.gov/Archives/edgar/data/1318605/000162828025003063/0001628280-25-003063-index.htm,tesla,TSLA
TSLA,0001318605,2024-01-26 21:00:20,2023-12-31,"Tesla, Inc.",10-K,2024-01-29,140473,https://www.sec.gov/Archives/edgar/data/1318605/000162828024002390/0001628280-24-002390-index.htm,tesla,TSLA
TSLA,0001318605,2023-01-30 21:29:15,2022-12-31,"Tesla, Inc.",10-K,2023-01-31,127855,https://www.sec.gov/Archives/edgar/data/1318605/000095017023001409/0000950170-23-001409-index.htm,tesla,TSLA
TSLA,0001318605,2022-02-04 20:11:27,2021-12-31,"Tesla, Inc.",10-K,2022-02-07,99290,https://www.sec.gov/Archives/edgar/data/1318605/000095017022000796/0000950170-22-000796-index.htm,tesla,TSLA
TSLA,0001318605,2021-02-08 07:27:23,2020-12-31,"Tesla, Inc.",10-K,2021-02-08,70757,https://www.sec.gov/Archives/edgar/data/1318605/000156459021004599/0001564590-21-004599-index.htm,tesla,TSLA
TSLA,0001318605,2020-02-13 07:12:18,2019-12-31,"Tesla, Inc.",10-K,2020-02-13,48016,https://www.sec.gov/Archives/edgar/data/1318605/000156459020004475/0001564590-20-004475-index.htm,tesla,TSLA
TSLA,0001318605,2019-02-19 06:10:16,2018-12-31,"Tesla, Inc.",10-K,2019-02-19,48817,https://www.sec.gov/Archives/edgar/data/1318605/000156459019003165/0001564590-19-003165-index.htm,tesla,TSLA
TSLA,0001318605,2018-02-23 06:07:43,2017-12-31,"Tesla, Inc.",10-K,2018-02-23,37543,https://www.sec.gov/Archives/edgar/data/1318605/000156459018002956/0001564590-18-002956-index.htm,tesla,TSLA
TSLA,0001318605,2017-03-01 16:54:21,2016-12-31,"Tesla, Inc.",10-K,2017-03-01,17782,https://www.sec.gov/Archives/edgar/data/1318605/000156459017003118/0001564590-17-003118-index.htm,tesla,TSLA
TSLA,0001318605,2016-02-24 16:17:56,2015-12-31,"Tesla, Inc.",10-K,2016-02-24,13058,https://www.sec.gov/Archives/edgar/data/1318605/000156459016013195/0001564590-16-013195-index.htm,tesla,TSLA
TSLA,0001318605,2015-02-26 17:13:26,2014-12-31,"Tesla, Inc.",10-K,2015-02-26,10161,https://www.sec.gov/Archives/edgar/data/1318605/000156459015001031/0001564590-15-001031-index.htm,tesla,TSLA
TSLA,0001318605,2014-02-26 16:02:51,2013-12-31,"Tesla, Inc.",10-K,2014-02-26,5859,https://www.sec.gov/Archives/edgar/data/1318605/000119312514069681/0001193125-14-069681-index.htm,tesla,TSLA
TSLA,0001318605,2013-03-07 17:10:43,2012-12-31,"Tesla, Inc.",10-K,2013-03-07,2964,https://www.sec.gov/Archives/edgar/data/1318605/000119312513096241/0001193125-13-096241-index.htm,tesla,TSLA
TSLA,0001318605,2012-02-27 17:17:24,2011-12-31,"Tesla, Inc.",10-K,2012-02-27,1417,https://www.sec.gov/Archives/edgar/data/1318605/000119312512081990/0001193125-12-081990-index.htm,tesla,TSLA
TSLA,0001318605,2011-03-03 14:47:36,2010-12-31,"Tesla, Inc.",10-K,2011-03-03,212,https://www.sec.gov/Archives/edgar/data/1318605/000119312511054847/0001193125-11-054847-index.htm,tesla,TSLA
SQ,0001512673,2025-02-24 16:17:17,2024-12-31,"Block, Inc.",10-K,2025-02-24,11372,https://www.sec.gov/Archives/edgar/data/1512673/000162828025007376/0001628280-25-007376-index.htm,block,SQ
SQ,0001512673,2024-02-22 16:18:13,2023-12-31,"Block, Inc.",10-K,2024-02-22,12985,https://www.sec.gov/Archives/edgar/data/1512673/000162828024006354/0001628280-24-006354-index.htm,block,SQ
SQ,0001512673,2023-02-23 16:23:08,2022-12-31,"Block, Inc.",10-K,2023-02-23,12428,https://www.sec.gov/Archives/edgar/data/1512673/000162828023004840/0001628280-23-004840-index.htm,block,SQ
SQ,0001512673,2022-02-24 16:19:13,2021-12-31,"Block, Inc.",10-K,2022-02-24,8521,https://www.sec.gov/Archives/edgar/data/1512673/000162828022003825/0001628280-22-003825-index.htm,block,SQ
SQ,0001512673,2021-02-23 16:19:48,2020-12-31,"Block, Inc.",10-K,2021-02-23,5477,https://www.sec.gov/Archives/edgar/data/1512673/000151267321000008/0001512673-21-000008-index.htm,block,SQ
SQ,0001512673,2020-02-26 16:16:57,2019-12-31,"Block, Inc.",10-K,2020-02-26,3835,https://www.sec.gov/Archives/edgar/data/1512673/000162828020002303/0001628280-20-002303-index.htm,block,SQ
SQ,0001512673,2019-02-27 16:45:49,2018-12-31,"Block, Inc.",10-K,2019-02-27,3349,https://www.sec.gov/Archives/edgar/data/1512673/000151267319000003/0001512673-19-000003-index.htm,block,SQ
SQ,0001512673,2018-02-27 16:19:33,2017-12-31,"Block, Inc.",10-K,2018-02-27,2338,https://www.sec.gov/Archives/edgar/data/1512673/000151267318000004/0001512673-18-000004-index.htm,block,SQ
SQ,0001512673,2017-02-24 21:42:05,2016-12-31,"Block, Inc.",10-K,2017-02-27,1853,https://www.sec.gov/Archives/edgar/data/1512673/000162828017001754/0001628280-17-001754-index.htm,block,SQ
SQ,0001512673,2016-03-10 16:50:21,2015-12-31,"Block, Inc.",10-K,2016-03-10,1449,https://www.sec.gov/Archives/edgar/data/1512673/000151267316000002/0001512673-16-000002-index.htm,block,SQ
